fuel_type,fuel_class,plot_id,time,si_value,si_units,us_value,us_units,lab_fuel,lab_class,lab_time,lab_time_abbr,order_class,order_time,subset_by,metric
dl,duff,RxF01,2016,2.8575,Depth in centimeters,1.125,Depth in inches,Duff & litter,Duff,1 Year pre-fire (2016),1-y pre-fire (2016),1,1,type_class_time_plot,mean
dl,duff,RxF01,2017,0.79375,Depth in centimeters,0.3125,Depth in inches,Duff & litter,Duff,0 Years post-fire (2017),0-y post-fire (2017),1,2,type_class_time_plot,mean
dl,duff,RxF01,2019,0.6032500000000001,Depth in centimeters,0.2375,Depth in inches,Duff & litter,Duff,2 Years post-fire (2019),2-y post-fire (2019),1,3,type_class_time_plot,mean
dl,duff,RxF01,2021,0.254,Depth in centimeters,0.1,Depth in inches,Duff & litter,Duff,4 Years post-fire (2021),4-y post-fire (2021),1,4,type_class_time_plot,mean
dl,duff,RxF02,2016,3.96875,Depth in centimeters,1.5625,Depth in inches,Duff & litter,Duff,1 Year pre-fire (2016),1-y pre-fire (2016),1,1,type_class_time_plot,mean
dl,duff,RxF02,2017,1.27,Depth in centimeters,0.5,Depth in inches,Duff & litter,Duff,0 Years post-fire (2017),0-y post-fire (2017),1,2,type_class_time_plot,mean
dl,duff,RxF02,2019,0.0635,Depth in centimeters,0.025,Depth in inches,Duff & litter,Duff,2 Years post-fire (2019),2-y post-fire (2019),1,3,type_class_time_plot,mean
dl,duff,RxF02,2021,0.254,Depth in centimeters,0.1,Depth in inches,Duff & litter,Duff,4 Years post-fire (2021),4-y post-fire (2021),1,4,type_class_time_plot,mean
dl,duff,RxF03,2016,2.69875,Depth in centimeters,1.0625,Depth in inches,Duff & litter,Duff,1 Year pre-fire (2016),1-y pre-fire (2016),1,1,type_class_time_plot,mean
dl,duff,RxF03,2017,1.74625,Depth in centimeters,0.6875,Depth in inches,Duff & litter,Duff,0 Years post-fire (2017),0-y post-fire (2017),1,2,type_class_time_plot,mean
dl,duff,RxF03,2019,0.127,Depth in centimeters,0.05,Depth in inches,Duff & litter,Duff,2 Years post-fire (2019),2-y post-fire (2019),1,3,type_class_time_plot,mean
dl,duff,RxF03,2021,0.28575,Depth in centimeters,0.1125,Depth in inches,Duff & litter,Duff,4 Years post-fire (2021),4-y post-fire (2021),1,4,type_class_time_plot,mean
dl,duff,RxF04,2016,3.65125,Depth in centimeters,1.4375,Depth in inches,Duff & litter,Duff,1 Year pre-fire (2016),1-y pre-fire (2016),1,1,type_class_time_plot,mean
dl,duff,RxF04,2017,1.23825,Depth in centimeters,0.4875,Depth in inches,Duff & litter,Duff,0 Years post-fire (2017),0-y post-fire (2017),1,2,type_class_time_plot,mean
dl,duff,RxF04,2019,0.28575,Depth in centimeters,0.1125,Depth in inches,Duff & litter,Duff,2 Years post-fire (2019),2-y post-fire (2019),1,3,type_class_time_plot,mean
dl,duff,RxF04,2021,1.27,Depth in centimeters,0.5,Depth in inches,Duff & litter,Duff,4 Years post-fire (2021),4-y post-fire (2021),1,4,type_class_time_plot,mean
dl,duff,RxF05,2016,2.54,Depth in centimeters,1,Depth in inches,Duff & litter,Duff,1 Year pre-fire (2016),1-y pre-fire (2016),1,1,type_class_time_plot,mean
dl,duff,RxF05,2017,0.6032500000000001,Depth in centimeters,0.2375,Depth in inches,Duff & litter,Duff,0 Years post-fire (2017),0-y post-fire (2017),1,2,type_class_time_plot,mean
dl,duff,RxF05,2019,0.0635,Depth in centimeters,0.025,Depth in inches,Duff & litter,Duff,2 Years post-fire (2019),2-y post-fire (2019),1,3,type_class_time_plot,mean
dl,duff,RxF05,2021,0.254,Depth in centimeters,0.1,Depth in inches,Duff & litter,Duff,4 Years post-fire (2021),4-y post-fire (2021),1,4,type_class_time_plot,mean
dl,duff,RxF06,2016,5.2387500000000005,Depth in centimeters,2.0625,Depth in inches,Duff & litter,Duff,1 Year pre-fire (2016),1-y pre-fire (2016),1,1,type_class_time_plot,mean
dl,duff,RxF06,2017,1.11125,Depth in centimeters,0.4375,Depth in inches,Duff & litter,Duff,0 Years post-fire (2017),0-y post-fire (2017),1,2,type_class_time_plot,mean
dl,duff,RxF06,2019,0.4445,Depth in centimeters,0.175,Depth in inches,Duff & litter,Duff,2 Years post-fire (2019),2-y post-fire (2019),1,3,type_class_time_plot,mean
dl,duff,RxF06,2021,0.254,Depth in centimeters,0.1,Depth in inches,Duff & litter,Duff,4 Years post-fire (2021),4-y post-fire (2021),1,4,type_class_time_plot,mean
dl,duff,RxF07,2016,6.032500000000001,Depth in centimeters,2.375,Depth in inches,Duff & litter,Duff,1 Year pre-fire (2016),1-y pre-fire (2016),1,1,type_class_time_plot,mean
dl,duff,RxF07,2017,1.27,Depth in centimeters,0.5,Depth in inches,Duff & litter,Duff,0 Years post-fire (2017),0-y post-fire (2017),1,2,type_class_time_plot,mean
dl,duff,RxF07,2019,0.34925,Depth in centimeters,0.1375,Depth in inches,Duff & litter,Duff,2 Years post-fire (2019),2-y post-fire (2019),1,3,type_class_time_plot,mean
dl,duff,RxF07,2021,0.254,Depth in centimeters,0.1,Depth in inches,Duff & litter,Duff,4 Years post-fire (2021),4-y post-fire (2021),1,4,type_class_time_plot,mean
dl,duff,RxF08,2016,5.08,Depth in centimeters,2,Depth in inches,Duff & litter,Duff,1 Year pre-fire (2016),1-y pre-fire (2016),1,1,type_class_time_plot,mean
dl,duff,RxF08,2017,0.8572500000000001,Depth in centimeters,0.3375,Depth in inches,Duff & litter,Duff,0 Years post-fire (2017),0-y post-fire (2017),1,2,type_class_time_plot,mean
dl,duff,RxF08,2019,0,Depth in centimeters,0,Depth in inches,Duff & litter,Duff,2 Years post-fire (2019),2-y post-fire (2019),1,3,type_class_time_plot,mean
dl,duff,RxF08,2021,0.254,Depth in centimeters,0.1,Depth in inches,Duff & litter,Duff,4 Years post-fire (2021),4-y post-fire (2021),1,4,type_class_time_plot,mean
dl,duff,RxF09,2016,3.81,Depth in centimeters,1.5,Depth in inches,Duff & litter,Duff,1 Year pre-fire (2016),1-y pre-fire (2016),1,1,type_class_time_plot,mean
dl,duff,RxF09,2017,1.11125,Depth in centimeters,0.4375,Depth in inches,Duff & litter,Duff,0 Years post-fire (2017),0-y post-fire (2017),1,2,type_class_time_plot,mean
dl,duff,RxF09,2019,0,Depth in centimeters,0,Depth in inches,Duff & litter,Duff,2 Years post-fire (2019),2-y post-fire (2019),1,3,type_class_time_plot,mean
dl,duff,RxF09,2021,0.254,Depth in centimeters,0.1,Depth in inches,Duff & litter,Duff,4 Years post-fire (2021),4-y post-fire (2021),1,4,type_class_time_plot,mean
dl,litter,RxF01,2016,1.5875,Depth in centimeters,0.625,Depth in inches,Duff & litter,Litter,1 Year pre-fire (2016),1-y pre-fire (2016),2,1,type_class_time_plot,mean
dl,litter,RxF01,2017,0.92075,Depth in centimeters,0.3625,Depth in inches,Duff & litter,Litter,0 Years post-fire (2017),0-y post-fire (2017),2,2,type_class_time_plot,mean
dl,litter,RxF01,2019,3.2385,Depth in centimeters,1.275,Depth in inches,Duff & litter,Litter,2 Years post-fire (2019),2-y post-fire (2019),2,3,type_class_time_plot,mean
dl,litter,RxF01,2021,4.28625,Depth in centimeters,1.6875,Depth in inches,Duff & litter,Litter,4 Years post-fire (2021),4-y post-fire (2021),2,4,type_class_time_plot,mean
dl,litter,RxF02,2016,6.0325,Depth in centimeters,2.375,Depth in inches,Duff & litter,Litter,1 Year pre-fire (2016),1-y pre-fire (2016),2,1,type_class_time_plot,mean
dl,litter,RxF02,2017,1.17475,Depth in centimeters,0.4625,Depth in inches,Duff & litter,Litter,0 Years post-fire (2017),0-y post-fire (2017),2,2,type_class_time_plot,mean
dl,litter,RxF02,2019,8.41375,Depth in centimeters,3.3125,Depth in inches,Duff & litter,Litter,2 Years post-fire (2019),2-y post-fire (2019),2,3,type_class_time_plot,mean
dl,litter,RxF02,2021,1.5875,Depth in centimeters,0.625,Depth in inches,Duff & litter,Litter,4 Years post-fire (2021),4-y post-fire (2021),2,4,type_class_time_plot,mean
dl,litter,RxF03,2016,4.921250000000001,Depth in centimeters,1.9375,Depth in inches,Duff & litter,Litter,1 Year pre-fire (2016),1-y pre-fire (2016),2,1,type_class_time_plot,mean
dl,litter,RxF03,2017,2.667,Depth in centimeters,1.05,Depth in inches,Duff & litter,Litter,0 Years post-fire (2017),0-y post-fire (2017),2,2,type_class_time_plot,mean
dl,litter,RxF03,2019,1.27,Depth in centimeters,0.5,Depth in inches,Duff & litter,Litter,2 Years post-fire (2019),2-y post-fire (2019),2,3,type_class_time_plot,mean
dl,litter,RxF03,2021,0.8572500000000001,Depth in centimeters,0.3375,Depth in inches,Duff & litter,Litter,4 Years post-fire (2021),4-y post-fire (2021),2,4,type_class_time_plot,mean
dl,litter,RxF04,2016,3.01625,Depth in centimeters,1.1875,Depth in inches,Duff & litter,Litter,1 Year pre-fire (2016),1-y pre-fire (2016),2,1,type_class_time_plot,mean
dl,litter,RxF04,2017,0.508,Depth in centimeters,0.2,Depth in inches,Duff & litter,Litter,0 Years post-fire (2017),0-y post-fire (2017),2,2,type_class_time_plot,mean
dl,litter,RxF04,2019,3.65125,Depth in centimeters,1.4375,Depth in inches,Duff & litter,Litter,2 Years post-fire (2019),2-y post-fire (2019),2,3,type_class_time_plot,mean
dl,litter,RxF04,2021,2.38125,Depth in centimeters,0.9375,Depth in inches,Duff & litter,Litter,4 Years post-fire (2021),4-y post-fire (2021),2,4,type_class_time_plot,mean
dl,litter,RxF05,2016,1.5875,Depth in centimeters,0.625,Depth in inches,Duff & litter,Litter,1 Year pre-fire (2016),1-y pre-fire (2016),2,1,type_class_time_plot,mean
dl,litter,RxF05,2017,0.34925,Depth in centimeters,0.1375,Depth in inches,Duff & litter,Litter,0 Years post-fire (2017),0-y post-fire (2017),2,2,type_class_time_plot,mean
dl,litter,RxF05,2019,6.0325,Depth in centimeters,2.375,Depth in inches,Duff & litter,Litter,2 Years post-fire (2019),2-y post-fire (2019),2,3,type_class_time_plot,mean
dl,litter,RxF05,2021,0.762,Depth in centimeters,0.3,Depth in inches,Duff & litter,Litter,4 Years post-fire (2021),4-y post-fire (2021),2,4,type_class_time_plot,mean
dl,litter,RxF06,2016,2.4130000000000003,Depth in centimeters,0.95,Depth in inches,Duff & litter,Litter,1 Year pre-fire (2016),1-y pre-fire (2016),2,1,type_class_time_plot,mean
dl,litter,RxF06,2017,0.1905,Depth in centimeters,0.07500000000000001,Depth in inches,Duff & litter,Litter,0 Years post-fire (2017),0-y post-fire (2017),2,2,type_class_time_plot,mean
dl,litter,RxF06,2019,9.525,Depth in centimeters,3.75,Depth in inches,Duff & litter,Litter,2 Years post-fire (2019),2-y post-fire (2019),2,3,type_class_time_plot,mean
dl,litter,RxF06,2021,1.11125,Depth in centimeters,0.4375,Depth in inches,Duff & litter,Litter,4 Years post-fire (2021),4-y post-fire (2021),2,4,type_class_time_plot,mean
dl,litter,RxF07,2016,5.715000000000001,Depth in centimeters,2.25,Depth in inches,Duff & litter,Litter,1 Year pre-fire (2016),1-y pre-fire (2016),2,1,type_class_time_plot,mean
dl,litter,RxF07,2017,0.53975,Depth in centimeters,0.2125,Depth in inches,Duff & litter,Litter,0 Years post-fire (2017),0-y post-fire (2017),2,2,type_class_time_plot,mean
dl,litter,RxF07,2019,3.96875,Depth in centimeters,1.5625,Depth in inches,Duff & litter,Litter,2 Years post-fire (2019),2-y post-fire (2019),2,3,type_class_time_plot,mean
dl,litter,RxF07,2021,2.8575,Depth in centimeters,1.125,Depth in inches,Duff & litter,Litter,4 Years post-fire (2021),4-y post-fire (2021),2,4,type_class_time_plot,mean
dl,litter,RxF08,2016,3.65125,Depth in centimeters,1.4375,Depth in inches,Duff & litter,Litter,1 Year pre-fire (2016),1-y pre-fire (2016),2,1,type_class_time_plot,mean
dl,litter,RxF08,2017,0.1905,Depth in centimeters,0.07500000000000001,Depth in inches,Duff & litter,Litter,0 Years post-fire (2017),0-y post-fire (2017),2,2,type_class_time_plot,mean
dl,litter,RxF08,2019,2.69875,Depth in centimeters,1.0625,Depth in inches,Duff & litter,Litter,2 Years post-fire (2019),2-y post-fire (2019),2,3,type_class_time_plot,mean
dl,litter,RxF08,2021,2.82575,Depth in centimeters,1.1125,Depth in inches,Duff & litter,Litter,4 Years post-fire (2021),4-y post-fire (2021),2,4,type_class_time_plot,mean
dl,litter,RxF09,2016,6.3500000000000005,Depth in centimeters,2.5,Depth in inches,Duff & litter,Litter,1 Year pre-fire (2016),1-y pre-fire (2016),2,1,type_class_time_plot,mean
dl,litter,RxF09,2017,0.127,Depth in centimeters,0.05,Depth in inches,Duff & litter,Litter,0 Years post-fire (2017),0-y post-fire (2017),2,2,type_class_time_plot,mean
dl,litter,RxF09,2019,1.80975,Depth in centimeters,0.7125,Depth in inches,Duff & litter,Litter,2 Years post-fire (2019),2-y post-fire (2019),2,3,type_class_time_plot,mean
dl,litter,RxF09,2021,1.17475,Depth in centimeters,0.4625,Depth in inches,Duff & litter,Litter,4 Years post-fire (2021),4-y post-fire (2021),2,4,type_class_time_plot,mean
wd,hr0001,RxF01,2016,1.0912266224483713,Metric tons per hectare,0.48672017058357325,Tons per acre,Coarse woody debris,1-hr,1 Year pre-fire (2016),1-y pre-fire (2016),1,1,type_class_time_plot,mean
wd,hr0001,RxF01,2017,0.2837991841842865,Metric tons per hectare,0.12658304379316973,Tons per acre,Coarse woody debris,1-hr,0 Years post-fire (2017),0-y post-fire (2017),1,2,type_class_time_plot,mean
wd,hr0001,RxF01,2019,0.715783241279191,Metric tons per hectare,0.31926103536092376,Tons per acre,Coarse woody debris,1-hr,2 Years post-fire (2019),2-y post-fire (2019),1,3,type_class_time_plot,mean
wd,hr0001,RxF01,2021,0.1649702951490281,Metric tons per hectare,0.07358175519581985,Tons per acre,Coarse woody debris,1-hr,4 Years post-fire (2021),4-y post-fire (2021),1,4,type_class_time_plot,mean
wd,hr0001,RxF02,2016,0.7770472127996413,Metric tons per hectare,0.34658662479912633,Tons per acre,Coarse woody debris,1-hr,1 Year pre-fire (2016),1-y pre-fire (2016),1,1,type_class_time_plot,mean
wd,hr0001,RxF02,2017,0.3331326410490364,Metric tons per hectare,0.14858726184167548,Tons per acre,Coarse woody debris,1-hr,0 Years post-fire (2017),0-y post-fire (2017),1,2,type_class_time_plot,mean
wd,hr0001,RxF02,2019,0.3325849039025033,Metric tons per hectare,0.14834295446141982,Tons per acre,Coarse woody debris,1-hr,2 Years post-fire (2019),2-y post-fire (2019),1,3,type_class_time_plot,mean
wd,hr0001,RxF02,2021,0.1613628176324533,Metric tons per hectare,0.07197271080840914,Tons per acre,Coarse woody debris,1-hr,4 Years post-fire (2021),4-y post-fire (2021),1,4,type_class_time_plot,mean
wd,hr0001,RxF03,2016,0.6047300732886112,Metric tons per hectare,0.26972795418760537,Tons per acre,Coarse woody debris,1-hr,1 Year pre-fire (2016),1-y pre-fire (2016),1,1,type_class_time_plot,mean
wd,hr0001,RxF03,2017,0.13275593412660014,Metric tons per hectare,0.05921317311623556,Tons per acre,Coarse woody debris,1-hr,0 Years post-fire (2017),0-y post-fire (2017),1,2,type_class_time_plot,mean
wd,hr0001,RxF03,2019,0.3096934063632163,Metric tons per hectare,0.13813265225834806,Tons per acre,Coarse woody debris,1-hr,2 Years post-fire (2019),2-y post-fire (2019),1,3,type_class_time_plot,mean
wd,hr0001,RxF03,2021,0.014868059234373218,Metric tons per hectare,0.006631605367695459,Tons per acre,Coarse woody debris,1-hr,4 Years post-fire (2021),4-y post-fire (2021),1,4,type_class_time_plot,mean
wd,hr0001,RxF04,2016,0.5312866854257519,Metric tons per hectare,0.23696997565823008,Tons per acre,Coarse woody debris,1-hr,1 Year pre-fire (2016),1-y pre-fire (2016),1,1,type_class_time_plot,mean
wd,hr0001,RxF04,2017,0.1623888080652435,Metric tons per hectare,0.07243033365978747,Tons per acre,Coarse woody debris,1-hr,0 Years post-fire (2017),0-y post-fire (2017),1,2,type_class_time_plot,mean
wd,hr0001,RxF04,2019,0.4722893093347865,Metric tons per hectare,0.21065535652755868,Tons per acre,Coarse woody debris,1-hr,2 Years post-fire (2019),2-y post-fire (2019),1,3,type_class_time_plot,mean
wd,hr0001,RxF04,2021,0.32483237506114526,Metric tons per hectare,0.14488509146349032,Tons per acre,Coarse woody debris,1-hr,4 Years post-fire (2021),4-y post-fire (2021),1,4,type_class_time_plot,mean
wd,hr0001,RxF05,2016,0.5249430237472938,Metric tons per hectare,0.23414051014598297,Tons per acre,Coarse woody debris,1-hr,1 Year pre-fire (2016),1-y pre-fire (2016),1,1,type_class_time_plot,mean
wd,hr0001,RxF05,2017,0.09427142595509486,Metric tons per hectare,0.042047915234208234,Tons per acre,Coarse woody debris,1-hr,0 Years post-fire (2017),0-y post-fire (2017),1,2,type_class_time_plot,mean
wd,hr0001,RxF05,2019,0.33590400406831383,Metric tons per hectare,0.14982337380388663,Tons per acre,Coarse woody debris,1-hr,2 Years post-fire (2019),2-y post-fire (2019),1,3,type_class_time_plot,mean
wd,hr0001,RxF05,2021,0.33193466191799265,Metric tons per hectare,0.1480529268144481,Tons per acre,Coarse woody debris,1-hr,4 Years post-fire (2021),4-y post-fire (2021),1,4,type_class_time_plot,mean
wd,hr0001,RxF06,2016,0.4881180329211075,Metric tons per hectare,0.21771544733323261,Tons per acre,Coarse woody debris,1-hr,1 Year pre-fire (2016),1-y pre-fire (2016),1,1,type_class_time_plot,mean
wd,hr0001,RxF06,2017,0.07390057547136789,Metric tons per hectare,0.032961898069298785,Tons per acre,Coarse woody debris,1-hr,0 Years post-fire (2017),0-y post-fire (2017),1,2,type_class_time_plot,mean
wd,hr0001,RxF06,2019,0.2956982595290817,Metric tons per hectare,0.1318903922966466,Tons per acre,Coarse woody debris,1-hr,2 Years post-fire (2019),2-y post-fire (2019),1,3,type_class_time_plot,mean
wd,hr0001,RxF06,2021,0.1477531721209307,Metric tons per hectare,0.06590239612887186,Tons per acre,Coarse woody debris,1-hr,4 Years post-fire (2021),4-y post-fire (2021),1,4,type_class_time_plot,mean
wd,hr0001,RxF07,2016,0.4151818590708727,Metric tons per hectare,0.18518370163732054,Tons per acre,Coarse woody debris,1-hr,1 Year pre-fire (2016),1-y pre-fire (2016),1,1,type_class_time_plot,mean
wd,hr0001,RxF07,2017,0.4579165643955481,Metric tons per hectare,0.20424467635840682,Tons per acre,Coarse woody debris,1-hr,0 Years post-fire (2017),0-y post-fire (2017),1,2,type_class_time_plot,mean
wd,hr0001,RxF07,2019,0.5906274743685043,Metric tons per hectare,0.2634377673365318,Tons per acre,Coarse woody debris,1-hr,2 Years post-fire (2019),2-y post-fire (2019),1,3,type_class_time_plot,mean
wd,hr0001,RxF07,2021,0.14705596272560206,Metric tons per hectare,0.06559141959215078,Tons per acre,Coarse woody debris,1-hr,4 Years post-fire (2021),4-y post-fire (2021),1,4,type_class_time_plot,mean
wd,hr0001,RxF08,2016,1.1980561968611743,Metric tons per hectare,0.5343694009193463,Tons per acre,Coarse woody debris,1-hr,1 Year pre-fire (2016),1-y pre-fire (2016),1,1,type_class_time_plot,mean
wd,hr0001,RxF08,2017,0.031400131173891566,Metric tons per hectare,0.0140054108714949,Tons per acre,Coarse woody debris,1-hr,0 Years post-fire (2017),0-y post-fire (2017),1,2,type_class_time_plot,mean
wd,hr0001,RxF08,2019,0.07948658732869718,Metric tons per hectare,0.0354534287817561,Tons per acre,Coarse woody debris,1-hr,2 Years post-fire (2019),2-y post-fire (2019),1,3,type_class_time_plot,mean
wd,hr0001,RxF08,2021,0.04611393736686907,Metric tons per hectare,0.020568214704223493,Tons per acre,Coarse woody debris,1-hr,4 Years post-fire (2021),4-y post-fire (2021),1,4,type_class_time_plot,mean
wd,hr0001,RxF09,2016,1.0236240681276167,Metric tons per hectare,0.4565673809668229,Tons per acre,Coarse woody debris,1-hr,1 Year pre-fire (2016),1-y pre-fire (2016),1,1,type_class_time_plot,mean
wd,hr0001,RxF09,2017,0.060102686891653864,Metric tons per hectare,0.026807621271924115,Tons per acre,Coarse woody debris,1-hr,0 Years post-fire (2017),0-y post-fire (2017),1,2,type_class_time_plot,mean
wd,hr0001,RxF09,2019,0.20923236953908783,Metric tons per hectare,0.09332398284526665,Tons per acre,Coarse woody debris,1-hr,2 Years post-fire (2019),2-y post-fire (2019),1,3,type_class_time_plot,mean
wd,hr0001,RxF09,2021,0.1361702409909718,Metric tons per hectare,0.06073605753388572,Tons per acre,Coarse woody debris,1-hr,4 Years post-fire (2021),4-y post-fire (2021),1,4,type_class_time_plot,mean
wd,hr0010,RxF01,2016,7.356133696779053,Metric tons per hectare,3.281058740757829,Tons per acre,Coarse woody debris,10-hr,1 Year pre-fire (2016),1-y pre-fire (2016),2,1,type_class_time_plot,mean
wd,hr0010,RxF01,2017,1.3403386588516015,Metric tons per hectare,0.5978316944030337,Tons per acre,Coarse woody debris,10-hr,0 Years post-fire (2017),0-y post-fire (2017),2,2,type_class_time_plot,mean
wd,hr0010,RxF01,2019,0.6715992318716877,Metric tons per hectare,0.29955362706141286,Tons per acre,Coarse woody debris,10-hr,2 Years post-fire (2019),2-y post-fire (2019),2,3,type_class_time_plot,mean
wd,hr0010,RxF01,2021,1.3431984637433754,Metric tons per hectare,0.5991072541228257,Tons per acre,Coarse woody debris,10-hr,4 Years post-fire (2021),4-y post-fire (2021),2,4,type_class_time_plot,mean
wd,hr0010,RxF02,2016,6.691772808717868,Metric tons per hectare,2.98473363457532,Tons per acre,Coarse woody debris,10-hr,1 Year pre-fire (2016),1-y pre-fire (2016),2,1,type_class_time_plot,mean
wd,hr0010,RxF02,2017,1.3506187645566206,Metric tons per hectare,0.6024169333437202,Tons per acre,Coarse woody debris,10-hr,0 Years post-fire (2017),0-y post-fire (2017),2,2,type_class_time_plot,mean
wd,hr0010,RxF02,2019,2.360516787270824,Metric tons per hectare,1.0528620817443461,Tons per acre,Coarse woody debris,10-hr,2 Years post-fire (2019),2-y post-fire (2019),2,3,type_class_time_plot,mean
wd,hr0010,RxF02,2021,1.3138261561174798,Metric tons per hectare,0.5860063140577519,Tons per acre,Coarse woody debris,10-hr,4 Years post-fire (2021),4-y post-fire (2021),2,4,type_class_time_plot,mean
wd,hr0010,RxF03,2016,2.9630313980891447,Metric tons per hectare,1.3216018724750869,Tons per acre,Coarse woody debris,10-hr,1 Year pre-fire (2016),1-y pre-fire (2016),2,1,type_class_time_plot,mean
wd,hr0010,RxF03,2017,0.9845227378560506,Metric tons per hectare,0.43912700171991553,Tons per acre,Coarse woody debris,10-hr,0 Years post-fire (2017),0-y post-fire (2017),2,2,type_class_time_plot,mean
wd,hr0010,RxF03,2019,2.634857152137128,Metric tons per hectare,1.175226205235115,Tons per acre,Coarse woody debris,10-hr,2 Years post-fire (2019),2-y post-fire (2019),2,3,type_class_time_plot,mean
wd,hr0010,RxF03,2021,1.6645291910625668,Metric tons per hectare,0.74243050448821,Tons per acre,Coarse woody debris,10-hr,4 Years post-fire (2021),4-y post-fire (2021),2,4,type_class_time_plot,mean
wd,hr0010,RxF04,2016,3.3049294269405434,Metric tons per hectare,1.4740987631313753,Tons per acre,Coarse woody debris,10-hr,1 Year pre-fire (2016),1-y pre-fire (2016),2,1,type_class_time_plot,mean
wd,hr0010,RxF04,2017,0.6613128425235008,Metric tons per hectare,0.2949655854252903,Tons per acre,Coarse woody debris,10-hr,0 Years post-fire (2017),0-y post-fire (2017),2,2,type_class_time_plot,mean
wd,hr0010,RxF04,2019,1.320990899370041,Metric tons per hectare,0.5892020068555045,Tons per acre,Coarse woody debris,10-hr,2 Years post-fire (2019),2-y post-fire (2019),2,3,type_class_time_plot,mean
wd,hr0010,RxF04,2021,0.9919692637852512,Metric tons per hectare,0.4424483781379354,Tons per acre,Coarse woody debris,10-hr,4 Years post-fire (2021),4-y post-fire (2021),2,4,type_class_time_plot,mean
wd,hr0010,RxF05,2016,6.387949393317619,Metric tons per hectare,2.8492191763236483,Tons per acre,Coarse woody debris,10-hr,1 Year pre-fire (2016),1-y pre-fire (2016),2,1,type_class_time_plot,mean
wd,hr0010,RxF05,2017,0,Metric tons per hectare,0,Tons per acre,Coarse woody debris,10-hr,0 Years post-fire (2017),0-y post-fire (2017),2,2,type_class_time_plot,mean
wd,hr0010,RxF05,2019,0,Metric tons per hectare,0,Tons per acre,Coarse woody debris,10-hr,2 Years post-fire (2019),2-y post-fire (2019),2,3,type_class_time_plot,mean
wd,hr0010,RxF05,2021,2.8255103050661936,Metric tons per hectare,1.2602632939635119,Tons per acre,Coarse woody debris,10-hr,4 Years post-fire (2021),4-y post-fire (2021),2,4,type_class_time_plot,mean
wd,hr0010,RxF06,2016,7.286193861830986,Metric tons per hectare,3.2498634530914305,Tons per acre,Coarse woody debris,10-hr,1 Year pre-fire (2016),1-y pre-fire (2016),2,1,type_class_time_plot,mean
wd,hr0010,RxF06,2017,0,Metric tons per hectare,0,Tons per acre,Coarse woody debris,10-hr,0 Years post-fire (2017),0-y post-fire (2017),2,2,type_class_time_plot,mean
wd,hr0010,RxF06,2019,2.3135489901157604,Metric tons per hectare,1.0319130196769672,Tons per acre,Coarse woody debris,10-hr,2 Years post-fire (2019),2-y post-fire (2019),2,3,type_class_time_plot,mean
wd,hr0010,RxF06,2021,0,Metric tons per hectare,0,Tons per acre,Coarse woody debris,10-hr,4 Years post-fire (2021),4-y post-fire (2021),2,4,type_class_time_plot,mean
wd,hr0010,RxF07,2016,5.956427609289128,Metric tons per hectare,2.6567473725642854,Tons per acre,Coarse woody debris,10-hr,1 Year pre-fire (2016),1-y pre-fire (2016),2,1,type_class_time_plot,mean
wd,hr0010,RxF07,2017,0,Metric tons per hectare,0,Tons per acre,Coarse woody debris,10-hr,0 Years post-fire (2017),0-y post-fire (2017),2,2,type_class_time_plot,mean
wd,hr0010,RxF07,2019,1.6463409165782246,Metric tons per hectare,0.7343179824166924,Tons per acre,Coarse woody debris,10-hr,2 Years post-fire (2019),2-y post-fire (2019),2,3,type_class_time_plot,mean
wd,hr0010,RxF07,2021,0.3279227146971213,Metric tons per hectare,0.14626347667132975,Tons per acre,Coarse woody debris,10-hr,4 Years post-fire (2021),4-y post-fire (2021),2,4,type_class_time_plot,mean
wd,hr0010,RxF08,2016,6.19513228878149,Metric tons per hectare,2.763216899545714,Tons per acre,Coarse woody debris,10-hr,1 Year pre-fire (2016),1-y pre-fire (2016),2,1,type_class_time_plot,mean
wd,hr0010,RxF08,2017,0,Metric tons per hectare,0,Tons per acre,Coarse woody debris,10-hr,0 Years post-fire (2017),0-y post-fire (2017),2,2,type_class_time_plot,mean
wd,hr0010,RxF08,2019,0,Metric tons per hectare,0,Tons per acre,Coarse woody debris,10-hr,2 Years post-fire (2019),2-y post-fire (2019),2,3,type_class_time_plot,mean
wd,hr0010,RxF08,2021,0.6589040179023932,Metric tons per hectare,0.2938911765844751,Tons per acre,Coarse woody debris,10-hr,4 Years post-fire (2021),4-y post-fire (2021),2,4,type_class_time_plot,mean
wd,hr0010,RxF09,2016,9.76922927568868,Metric tons per hectare,4.3573725582911145,Tons per acre,Coarse woody debris,10-hr,1 Year pre-fire (2016),1-y pre-fire (2016),2,1,type_class_time_plot,mean
wd,hr0010,RxF09,2017,0,Metric tons per hectare,0,Tons per acre,Coarse woody debris,10-hr,0 Years post-fire (2017),0-y post-fire (2017),2,2,type_class_time_plot,mean
wd,hr0010,RxF09,2019,0,Metric tons per hectare,0,Tons per acre,Coarse woody debris,10-hr,2 Years post-fire (2019),2-y post-fire (2019),2,3,type_class_time_plot,mean
wd,hr0010,RxF09,2021,1.7032036568474622,Metric tons per hectare,0.7596804892272356,Tons per acre,Coarse woody debris,10-hr,4 Years post-fire (2021),4-y post-fire (2021),2,4,type_class_time_plot,mean
wd,hr0100,RxF01,2016,4.963126698723956,Metric tons per hectare,2.2137050395735756,Tons per acre,Coarse woody debris,100-hr,1 Year pre-fire (2016),1-y pre-fire (2016),3,1,type_class_time_plot,mean
wd,hr0100,RxF01,2017,0,Metric tons per hectare,0,Tons per acre,Coarse woody debris,100-hr,0 Years post-fire (2017),0-y post-fire (2017),3,2,type_class_time_plot,mean
wd,hr0100,RxF01,2019,0,Metric tons per hectare,0,Tons per acre,Coarse woody debris,100-hr,2 Years post-fire (2019),2-y post-fire (2019),3,3,type_class_time_plot,mean
wd,hr0100,RxF01,2021,0,Metric tons per hectare,0,Tons per acre,Coarse woody debris,100-hr,4 Years post-fire (2021),4-y post-fire (2021),3,4,type_class_time_plot,mean
wd,hr0100,RxF02,2016,0,Metric tons per hectare,0,Tons per acre,Coarse woody debris,100-hr,1 Year pre-fire (2016),1-y pre-fire (2016),3,1,type_class_time_plot,mean
wd,hr0100,RxF02,2017,0,Metric tons per hectare,0,Tons per acre,Coarse woody debris,100-hr,0 Years post-fire (2017),0-y post-fire (2017),3,2,type_class_time_plot,mean
wd,hr0100,RxF02,2019,0,Metric tons per hectare,0,Tons per acre,Coarse woody debris,100-hr,2 Years post-fire (2019),2-y post-fire (2019),3,3,type_class_time_plot,mean
wd,hr0100,RxF02,2021,0,Metric tons per hectare,0,Tons per acre,Coarse woody debris,100-hr,4 Years post-fire (2021),4-y post-fire (2021),3,4,type_class_time_plot,mean
wd,hr0100,RxF03,2016,0,Metric tons per hectare,0,Tons per acre,Coarse woody debris,100-hr,1 Year pre-fire (2016),1-y pre-fire (2016),3,1,type_class_time_plot,mean
wd,hr0100,RxF03,2017,1.649483977578501,Metric tons per hectare,0.7357198829520523,Tons per acre,Coarse woody debris,100-hr,0 Years post-fire (2017),0-y post-fire (2017),3,2,type_class_time_plot,mean
wd,hr0100,RxF03,2019,1.649483977578501,Metric tons per hectare,0.7357198829520523,Tons per acre,Coarse woody debris,100-hr,2 Years post-fire (2019),2-y post-fire (2019),3,3,type_class_time_plot,mean
wd,hr0100,RxF03,2021,0,Metric tons per hectare,0,Tons per acre,Coarse woody debris,100-hr,4 Years post-fire (2021),4-y post-fire (2021),3,4,type_class_time_plot,mean
wd,hr0100,RxF04,2016,6.549304185036679,Metric tons per hectare,2.9211883073312572,Tons per acre,Coarse woody debris,100-hr,1 Year pre-fire (2016),1-y pre-fire (2016),3,1,type_class_time_plot,mean
wd,hr0100,RxF04,2017,0,Metric tons per hectare,0,Tons per acre,Coarse woody debris,100-hr,0 Years post-fire (2017),0-y post-fire (2017),3,2,type_class_time_plot,mean
wd,hr0100,RxF04,2019,1.6383385520759044,Metric tons per hectare,0.7307486851364426,Tons per acre,Coarse woody debris,100-hr,2 Years post-fire (2019),2-y post-fire (2019),3,3,type_class_time_plot,mean
wd,hr0100,RxF04,2021,1.636313540442435,Metric tons per hectare,0.729845468529186,Tons per acre,Coarse woody debris,100-hr,4 Years post-fire (2021),4-y post-fire (2021),3,4,type_class_time_plot,mean
wd,hr0100,RxF05,2016,1.7431013714835422,Metric tons per hectare,0.7774760800551036,Tons per acre,Coarse woody debris,100-hr,1 Year pre-fire (2016),1-y pre-fire (2016),3,1,type_class_time_plot,mean
wd,hr0100,RxF05,2017,0,Metric tons per hectare,0,Tons per acre,Coarse woody debris,100-hr,0 Years post-fire (2017),0-y post-fire (2017),3,2,type_class_time_plot,mean
wd,hr0100,RxF05,2019,0,Metric tons per hectare,0,Tons per acre,Coarse woody debris,100-hr,2 Years post-fire (2019),2-y post-fire (2019),3,3,type_class_time_plot,mean
wd,hr0100,RxF05,2021,1.7431013714835422,Metric tons per hectare,0.7774760800551036,Tons per acre,Coarse woody debris,100-hr,4 Years post-fire (2021),4-y post-fire (2021),3,4,type_class_time_plot,mean
wd,hr0100,RxF06,2016,8.198636637930427,Metric tons per hectare,3.6568406056781573,Tons per acre,Coarse woody debris,100-hr,1 Year pre-fire (2016),1-y pre-fire (2016),3,1,type_class_time_plot,mean
wd,hr0100,RxF06,2017,0,Metric tons per hectare,0,Tons per acre,Coarse woody debris,100-hr,0 Years post-fire (2017),0-y post-fire (2017),3,2,type_class_time_plot,mean
wd,hr0100,RxF06,2019,0,Metric tons per hectare,0,Tons per acre,Coarse woody debris,100-hr,2 Years post-fire (2019),2-y post-fire (2019),3,3,type_class_time_plot,mean
wd,hr0100,RxF06,2021,0,Metric tons per hectare,0,Tons per acre,Coarse woody debris,100-hr,4 Years post-fire (2021),4-y post-fire (2021),3,4,type_class_time_plot,mean
wd,hr0100,RxF07,2016,9.882092122197617,Metric tons per hectare,4.407712810971283,Tons per acre,Coarse woody debris,100-hr,1 Year pre-fire (2016),1-y pre-fire (2016),3,1,type_class_time_plot,mean
wd,hr0100,RxF07,2017,0,Metric tons per hectare,0,Tons per acre,Coarse woody debris,100-hr,0 Years post-fire (2017),0-y post-fire (2017),3,2,type_class_time_plot,mean
wd,hr0100,RxF07,2019,1.6247935652953533,Metric tons per hectare,0.724707210212022,Tons per acre,Coarse woody debris,100-hr,2 Years post-fire (2019),2-y post-fire (2019),3,3,type_class_time_plot,mean
wd,hr0100,RxF07,2021,0,Metric tons per hectare,0,Tons per acre,Coarse woody debris,100-hr,4 Years post-fire (2021),4-y post-fire (2021),3,4,type_class_time_plot,mean
wd,hr0100,RxF08,2016,10.888395957804006,Metric tons per hectare,4.856554842909905,Tons per acre,Coarse woody debris,100-hr,1 Year pre-fire (2016),1-y pre-fire (2016),3,1,type_class_time_plot,mean
wd,hr0100,RxF08,2017,1.8512050071103938,Metric tons per hectare,0.8256935803346984,Tons per acre,Coarse woody debris,100-hr,0 Years post-fire (2017),0-y post-fire (2017),3,2,type_class_time_plot,mean
wd,hr0100,RxF08,2019,0,Metric tons per hectare,0,Tons per acre,Coarse woody debris,100-hr,2 Years post-fire (2019),2-y post-fire (2019),3,3,type_class_time_plot,mean
wd,hr0100,RxF08,2021,0,Metric tons per hectare,0,Tons per acre,Coarse woody debris,100-hr,4 Years post-fire (2021),4-y post-fire (2021),3,4,type_class_time_plot,mean
wd,hr0100,RxF09,2016,4.980070063612423,Metric tons per hectare,2.221262294207147,Tons per acre,Coarse woody debris,100-hr,1 Year pre-fire (2016),1-y pre-fire (2016),3,1,type_class_time_plot,mean
wd,hr0100,RxF09,2017,0,Metric tons per hectare,0,Tons per acre,Coarse woody debris,100-hr,0 Years post-fire (2017),0-y post-fire (2017),3,2,type_class_time_plot,mean
wd,hr0100,RxF09,2019,0,Metric tons per hectare,0,Tons per acre,Coarse woody debris,100-hr,2 Years post-fire (2019),2-y post-fire (2019),3,3,type_class_time_plot,mean
wd,hr0100,RxF09,2021,0,Metric tons per hectare,0,Tons per acre,Coarse woody debris,100-hr,4 Years post-fire (2021),4-y post-fire (2021),3,4,type_class_time_plot,mean
wd,hr1000r,RxF01,2016,0,Metric tons per hectare,0,Tons per acre,Coarse woody debris,1000-hr rotten,1 Year pre-fire (2016),1-y pre-fire (2016),4,1,type_class_time_plot,mean
wd,hr1000r,RxF01,2017,0,Metric tons per hectare,0,Tons per acre,Coarse woody debris,1000-hr rotten,0 Years post-fire (2017),0-y post-fire (2017),4,2,type_class_time_plot,mean
wd,hr1000r,RxF01,2019,0,Metric tons per hectare,0,Tons per acre,Coarse woody debris,1000-hr rotten,2 Years post-fire (2019),2-y post-fire (2019),4,3,type_class_time_plot,mean
wd,hr1000r,RxF01,2021,0,Metric tons per hectare,0,Tons per acre,Coarse woody debris,1000-hr rotten,4 Years post-fire (2021),4-y post-fire (2021),4,4,type_class_time_plot,mean
wd,hr1000r,RxF02,2016,0,Metric tons per hectare,0,Tons per acre,Coarse woody debris,1000-hr rotten,1 Year pre-fire (2016),1-y pre-fire (2016),4,1,type_class_time_plot,mean
wd,hr1000r,RxF02,2017,0,Metric tons per hectare,0,Tons per acre,Coarse woody debris,1000-hr rotten,0 Years post-fire (2017),0-y post-fire (2017),4,2,type_class_time_plot,mean
wd,hr1000r,RxF02,2019,0,Metric tons per hectare,0,Tons per acre,Coarse woody debris,1000-hr rotten,2 Years post-fire (2019),2-y post-fire (2019),4,3,type_class_time_plot,mean
wd,hr1000r,RxF02,2021,0,Metric tons per hectare,0,Tons per acre,Coarse woody debris,1000-hr rotten,4 Years post-fire (2021),4-y post-fire (2021),4,4,type_class_time_plot,mean
wd,hr1000r,RxF03,2016,1.8363461525195683,Metric tons per hectare,0.8190660805172026,Tons per acre,Coarse woody debris,1000-hr rotten,1 Year pre-fire (2016),1-y pre-fire (2016),4,1,type_class_time_plot,mean
wd,hr1000r,RxF03,2017,0,Metric tons per hectare,0,Tons per acre,Coarse woody debris,1000-hr rotten,0 Years post-fire (2017),0-y post-fire (2017),4,2,type_class_time_plot,mean
wd,hr1000r,RxF03,2019,0,Metric tons per hectare,0,Tons per acre,Coarse woody debris,1000-hr rotten,2 Years post-fire (2019),2-y post-fire (2019),4,3,type_class_time_plot,mean
wd,hr1000r,RxF03,2021,0,Metric tons per hectare,0,Tons per acre,Coarse woody debris,1000-hr rotten,4 Years post-fire (2021),4-y post-fire (2021),4,4,type_class_time_plot,mean
wd,hr1000r,RxF04,2016,28.975834073313557,Metric tons per hectare,12.924100835554665,Tons per acre,Coarse woody debris,1000-hr rotten,1 Year pre-fire (2016),1-y pre-fire (2016),4,1,type_class_time_plot,mean
wd,hr1000r,RxF04,2017,0,Metric tons per hectare,0,Tons per acre,Coarse woody debris,1000-hr rotten,0 Years post-fire (2017),0-y post-fire (2017),4,2,type_class_time_plot,mean
wd,hr1000r,RxF04,2019,0,Metric tons per hectare,0,Tons per acre,Coarse woody debris,1000-hr rotten,2 Years post-fire (2019),2-y post-fire (2019),4,3,type_class_time_plot,mean
wd,hr1000r,RxF04,2021,0,Metric tons per hectare,0,Tons per acre,Coarse woody debris,1000-hr rotten,4 Years post-fire (2021),4-y post-fire (2021),4,4,type_class_time_plot,mean
wd,hr1000r,RxF05,2016,0,Metric tons per hectare,0,Tons per acre,Coarse woody debris,1000-hr rotten,1 Year pre-fire (2016),1-y pre-fire (2016),4,1,type_class_time_plot,mean
wd,hr1000r,RxF05,2017,0,Metric tons per hectare,0,Tons per acre,Coarse woody debris,1000-hr rotten,0 Years post-fire (2017),0-y post-fire (2017),4,2,type_class_time_plot,mean
wd,hr1000r,RxF05,2019,0,Metric tons per hectare,0,Tons per acre,Coarse woody debris,1000-hr rotten,2 Years post-fire (2019),2-y post-fire (2019),4,3,type_class_time_plot,mean
wd,hr1000r,RxF05,2021,0,Metric tons per hectare,0,Tons per acre,Coarse woody debris,1000-hr rotten,4 Years post-fire (2021),4-y post-fire (2021),4,4,type_class_time_plot,mean
wd,hr1000r,RxF06,2016,6.275411241355519,Metric tons per hectare,2.799023747259375,Tons per acre,Coarse woody debris,1000-hr rotten,1 Year pre-fire (2016),1-y pre-fire (2016),4,1,type_class_time_plot,mean
wd,hr1000r,RxF06,2017,0,Metric tons per hectare,0,Tons per acre,Coarse woody debris,1000-hr rotten,0 Years post-fire (2017),0-y post-fire (2017),4,2,type_class_time_plot,mean
wd,hr1000r,RxF06,2019,0,Metric tons per hectare,0,Tons per acre,Coarse woody debris,1000-hr rotten,2 Years post-fire (2019),2-y post-fire (2019),4,3,type_class_time_plot,mean
wd,hr1000r,RxF06,2021,0,Metric tons per hectare,0,Tons per acre,Coarse woody debris,1000-hr rotten,4 Years post-fire (2021),4-y post-fire (2021),4,4,type_class_time_plot,mean
wd,hr1000r,RxF07,2016,4.314144702855594,Metric tons per hectare,1.9242393857518258,Tons per acre,Coarse woody debris,1000-hr rotten,1 Year pre-fire (2016),1-y pre-fire (2016),4,1,type_class_time_plot,mean
wd,hr1000r,RxF07,2017,0,Metric tons per hectare,0,Tons per acre,Coarse woody debris,1000-hr rotten,0 Years post-fire (2017),0-y post-fire (2017),4,2,type_class_time_plot,mean
wd,hr1000r,RxF07,2019,0,Metric tons per hectare,0,Tons per acre,Coarse woody debris,1000-hr rotten,2 Years post-fire (2019),2-y post-fire (2019),4,3,type_class_time_plot,mean
wd,hr1000r,RxF07,2021,0,Metric tons per hectare,0,Tons per acre,Coarse woody debris,1000-hr rotten,4 Years post-fire (2021),4-y post-fire (2021),4,4,type_class_time_plot,mean
wd,hr1000r,RxF08,2016,0,Metric tons per hectare,0,Tons per acre,Coarse woody debris,1000-hr rotten,1 Year pre-fire (2016),1-y pre-fire (2016),4,1,type_class_time_plot,mean
wd,hr1000r,RxF08,2017,0,Metric tons per hectare,0,Tons per acre,Coarse woody debris,1000-hr rotten,0 Years post-fire (2017),0-y post-fire (2017),4,2,type_class_time_plot,mean
wd,hr1000r,RxF08,2019,0,Metric tons per hectare,0,Tons per acre,Coarse woody debris,1000-hr rotten,2 Years post-fire (2019),2-y post-fire (2019),4,3,type_class_time_plot,mean
wd,hr1000r,RxF08,2021,0,Metric tons per hectare,0,Tons per acre,Coarse woody debris,1000-hr rotten,4 Years post-fire (2021),4-y post-fire (2021),4,4,type_class_time_plot,mean
wd,hr1000r,RxF09,2016,0,Metric tons per hectare,0,Tons per acre,Coarse woody debris,1000-hr rotten,1 Year pre-fire (2016),1-y pre-fire (2016),4,1,type_class_time_plot,mean
wd,hr1000r,RxF09,2017,0,Metric tons per hectare,0,Tons per acre,Coarse woody debris,1000-hr rotten,0 Years post-fire (2017),0-y post-fire (2017),4,2,type_class_time_plot,mean
wd,hr1000r,RxF09,2019,0,Metric tons per hectare,0,Tons per acre,Coarse woody debris,1000-hr rotten,2 Years post-fire (2019),2-y post-fire (2019),4,3,type_class_time_plot,mean
wd,hr1000r,RxF09,2021,0,Metric tons per hectare,0,Tons per acre,Coarse woody debris,1000-hr rotten,4 Years post-fire (2021),4-y post-fire (2021),4,4,type_class_time_plot,mean
wd,hr1000s,RxF01,2016,0,Metric tons per hectare,0,Tons per acre,Coarse woody debris,1000-hr sound,1 Year pre-fire (2016),1-y pre-fire (2016),5,1,type_class_time_plot,mean
wd,hr1000s,RxF01,2017,112.58318524040665,Metric tons per hectare,50.21551527225988,Tons per acre,Coarse woody debris,1000-hr sound,0 Years post-fire (2017),0-y post-fire (2017),5,2,type_class_time_plot,mean
wd,hr1000s,RxF01,2019,110.40074410745959,Metric tons per hectare,49.242080333389644,Tons per acre,Coarse woody debris,1000-hr sound,2 Years post-fire (2019),2-y post-fire (2019),5,3,type_class_time_plot,mean
wd,hr1000s,RxF01,2021,19.641970196523516,Metric tons per hectare,8.760914449832077,Tons per acre,Coarse woody debris,1000-hr sound,4 Years post-fire (2021),4-y post-fire (2021),5,4,type_class_time_plot,mean
wd,hr1000s,RxF02,2016,8.857698776965785,Metric tons per hectare,3.950802309083758,Tons per acre,Coarse woody debris,1000-hr sound,1 Year pre-fire (2016),1-y pre-fire (2016),5,1,type_class_time_plot,mean
wd,hr1000s,RxF02,2017,0,Metric tons per hectare,0,Tons per acre,Coarse woody debris,1000-hr sound,0 Years post-fire (2017),0-y post-fire (2017),5,2,type_class_time_plot,mean
wd,hr1000s,RxF02,2019,0,Metric tons per hectare,0,Tons per acre,Coarse woody debris,1000-hr sound,2 Years post-fire (2019),2-y post-fire (2019),5,3,type_class_time_plot,mean
wd,hr1000s,RxF02,2021,0,Metric tons per hectare,0,Tons per acre,Coarse woody debris,1000-hr sound,4 Years post-fire (2021),4-y post-fire (2021),5,4,type_class_time_plot,mean
wd,hr1000s,RxF03,2016,6.135582502117456,Metric tons per hectare,2.736655888544807,Tons per acre,Coarse woody debris,1000-hr sound,1 Year pre-fire (2016),1-y pre-fire (2016),5,1,type_class_time_plot,mean
wd,hr1000s,RxF03,2017,12.139581119435432,Metric tons per hectare,5.4146213735216024,Tons per acre,Coarse woody debris,1000-hr sound,0 Years post-fire (2017),0-y post-fire (2017),5,2,type_class_time_plot,mean
wd,hr1000s,RxF03,2019,10.45765127449662,Metric tons per hectare,4.664429649641668,Tons per acre,Coarse woody debris,1000-hr sound,2 Years post-fire (2019),2-y post-fire (2019),5,3,type_class_time_plot,mean
wd,hr1000s,RxF03,2021,36.81709901290537,Metric tons per hectare,16.421542824667874,Tons per acre,Coarse woody debris,1000-hr sound,4 Years post-fire (2021),4-y post-fire (2021),5,4,type_class_time_plot,mean
wd,hr1000s,RxF04,2016,0,Metric tons per hectare,0,Tons per acre,Coarse woody debris,1000-hr sound,1 Year pre-fire (2016),1-y pre-fire (2016),5,1,type_class_time_plot,mean
wd,hr1000s,RxF04,2017,0,Metric tons per hectare,0,Tons per acre,Coarse woody debris,1000-hr sound,0 Years post-fire (2017),0-y post-fire (2017),5,2,type_class_time_plot,mean
wd,hr1000s,RxF04,2019,4.385743457561446,Metric tons per hectare,1.9561746019453374,Tons per acre,Coarse woody debris,1000-hr sound,2 Years post-fire (2019),2-y post-fire (2019),5,3,type_class_time_plot,mean
wd,hr1000s,RxF04,2021,13.181790536046686,Metric tons per hectare,5.879478383606907,Tons per acre,Coarse woody debris,1000-hr sound,4 Years post-fire (2021),4-y post-fire (2021),5,4,type_class_time_plot,mean
wd,hr1000s,RxF05,2016,2.033721430683946,Metric tons per hectare,0.9071014409830269,Tons per acre,Coarse woody debris,1000-hr sound,1 Year pre-fire (2016),1-y pre-fire (2016),5,1,type_class_time_plot,mean
wd,hr1000s,RxF05,2017,0,Metric tons per hectare,0,Tons per acre,Coarse woody debris,1000-hr sound,0 Years post-fire (2017),0-y post-fire (2017),5,2,type_class_time_plot,mean
wd,hr1000s,RxF05,2019,0,Metric tons per hectare,0,Tons per acre,Coarse woody debris,1000-hr sound,2 Years post-fire (2019),2-y post-fire (2019),5,3,type_class_time_plot,mean
wd,hr1000s,RxF05,2021,5.824385635804912,Metric tons per hectare,2.5978526475490242,Tons per acre,Coarse woody debris,1000-hr sound,4 Years post-fire (2021),4-y post-fire (2021),5,4,type_class_time_plot,mean
wd,hr1000s,RxF06,2016,25.084936818681516,Metric tons per hectare,11.188642648832078,Tons per acre,Coarse woody debris,1000-hr sound,1 Year pre-fire (2016),1-y pre-fire (2016),5,1,type_class_time_plot,mean
wd,hr1000s,RxF06,2017,8.59217264361686,Metric tons per hectare,3.832369600185933,Tons per acre,Coarse woody debris,1000-hr sound,0 Years post-fire (2017),0-y post-fire (2017),5,2,type_class_time_plot,mean
wd,hr1000s,RxF06,2019,9.863463493947929,Metric tons per hectare,4.399403877764464,Tons per acre,Coarse woody debris,1000-hr sound,2 Years post-fire (2019),2-y post-fire (2019),5,3,type_class_time_plot,mean
wd,hr1000s,RxF06,2021,3.906527735174569,Metric tons per hectare,1.7424298551180057,Tons per acre,Coarse woody debris,1000-hr sound,4 Years post-fire (2021),4-y post-fire (2021),5,4,type_class_time_plot,mean
wd,hr1000s,RxF07,2016,24.26355318048337,Metric tons per hectare,10.822280633578666,Tons per acre,Coarse woody debris,1000-hr sound,1 Year pre-fire (2016),1-y pre-fire (2016),5,1,type_class_time_plot,mean
wd,hr1000s,RxF07,2017,56.369316041848506,Metric tons per hectare,25.14242463953992,Tons per acre,Coarse woody debris,1000-hr sound,0 Years post-fire (2017),0-y post-fire (2017),5,2,type_class_time_plot,mean
wd,hr1000s,RxF07,2019,29.848335751326037,Metric tons per hectare,13.313263046978607,Tons per acre,Coarse woody debris,1000-hr sound,2 Years post-fire (2019),2-y post-fire (2019),5,3,type_class_time_plot,mean
wd,hr1000s,RxF07,2021,49.17974034151469,Metric tons per hectare,21.9356558169111,Tons per acre,Coarse woody debris,1000-hr sound,4 Years post-fire (2021),4-y post-fire (2021),5,4,type_class_time_plot,mean
wd,hr1000s,RxF08,2016,0,Metric tons per hectare,0,Tons per acre,Coarse woody debris,1000-hr sound,1 Year pre-fire (2016),1-y pre-fire (2016),5,1,type_class_time_plot,mean
wd,hr1000s,RxF08,2017,63.09945621793049,Metric tons per hectare,28.144271283644287,Tons per acre,Coarse woody debris,1000-hr sound,0 Years post-fire (2017),0-y post-fire (2017),5,2,type_class_time_plot,mean
wd,hr1000s,RxF08,2019,35.24480429856926,Metric tons per hectare,15.720251694277101,Tons per acre,Coarse woody debris,1000-hr sound,2 Years post-fire (2019),2-y post-fire (2019),5,3,type_class_time_plot,mean
wd,hr1000s,RxF08,2021,3.894057965112306,Metric tons per hectare,1.7368679594613319,Tons per acre,Coarse woody debris,1000-hr sound,4 Years post-fire (2021),4-y post-fire (2021),5,4,type_class_time_plot,mean
wd,hr1000s,RxF09,2016,0,Metric tons per hectare,0,Tons per acre,Coarse woody debris,1000-hr sound,1 Year pre-fire (2016),1-y pre-fire (2016),5,1,type_class_time_plot,mean
wd,hr1000s,RxF09,2017,0,Metric tons per hectare,0,Tons per acre,Coarse woody debris,1000-hr sound,0 Years post-fire (2017),0-y post-fire (2017),5,2,type_class_time_plot,mean
wd,hr1000s,RxF09,2019,0,Metric tons per hectare,0,Tons per acre,Coarse woody debris,1000-hr sound,2 Years post-fire (2019),2-y post-fire (2019),5,3,type_class_time_plot,mean
wd,hr1000s,RxF09,2021,2.2088711109103225,Metric tons per hectare,0.9852235106647291,Tons per acre,Coarse woody debris,1000-hr sound,4 Years post-fire (2021),4-y post-fire (2021),5,4,type_class_time_plot,mean
dl,all,RxF01,2016,4.445,Depth in centimeters,1.75,Depth in inches,Duff & litter,All,1 Year pre-fire (2016),1-y pre-fire (2016),1,1,type_time_plot,total
dl,all,RxF01,2017,1.7145,Depth in centimeters,0.675,Depth in inches,Duff & litter,All,0 Years post-fire (2017),0-y post-fire (2017),1,2,type_time_plot,total
dl,all,RxF01,2019,3.84175,Depth in centimeters,1.5125,Depth in inches,Duff & litter,All,2 Years post-fire (2019),2-y post-fire (2019),1,3,type_time_plot,total
dl,all,RxF01,2021,4.54025,Depth in centimeters,1.7875,Depth in inches,Duff & litter,All,4 Years post-fire (2021),4-y post-fire (2021),1,4,type_time_plot,total
dl,all,RxF02,2016,10.001249999999999,Depth in centimeters,3.9375,Depth in inches,Duff & litter,All,1 Year pre-fire (2016),1-y pre-fire (2016),1,1,type_time_plot,total
dl,all,RxF02,2017,2.44475,Depth in centimeters,0.9625,Depth in inches,Duff & litter,All,0 Years post-fire (2017),0-y post-fire (2017),1,2,type_time_plot,total
dl,all,RxF02,2019,8.47725,Depth in centimeters,3.3375,Depth in inches,Duff & litter,All,2 Years post-fire (2019),2-y post-fire (2019),1,3,type_time_plot,total
dl,all,RxF02,2021,1.8415,Depth in centimeters,0.725,Depth in inches,Duff & litter,All,4 Years post-fire (2021),4-y post-fire (2021),1,4,type_time_plot,total
dl,all,RxF03,2016,7.620000000000001,Depth in centimeters,3,Depth in inches,Duff & litter,All,1 Year pre-fire (2016),1-y pre-fire (2016),1,1,type_time_plot,total
dl,all,RxF03,2017,4.41325,Depth in centimeters,1.7375,Depth in inches,Duff & litter,All,0 Years post-fire (2017),0-y post-fire (2017),1,2,type_time_plot,total
dl,all,RxF03,2019,1.397,Depth in centimeters,0.55,Depth in inches,Duff & litter,All,2 Years post-fire (2019),2-y post-fire (2019),1,3,type_time_plot,total
dl,all,RxF03,2021,1.143,Depth in centimeters,0.45,Depth in inches,Duff & litter,All,4 Years post-fire (2021),4-y post-fire (2021),1,4,type_time_plot,total
dl,all,RxF04,2016,6.6675,Depth in centimeters,2.625,Depth in inches,Duff & litter,All,1 Year pre-fire (2016),1-y pre-fire (2016),1,1,type_time_plot,total
dl,all,RxF04,2017,1.74625,Depth in centimeters,0.6875,Depth in inches,Duff & litter,All,0 Years post-fire (2017),0-y post-fire (2017),1,2,type_time_plot,total
dl,all,RxF04,2019,3.9370000000000003,Depth in centimeters,1.55,Depth in inches,Duff & litter,All,2 Years post-fire (2019),2-y post-fire (2019),1,3,type_time_plot,total
dl,all,RxF04,2021,3.65125,Depth in centimeters,1.4375,Depth in inches,Duff & litter,All,4 Years post-fire (2021),4-y post-fire (2021),1,4,type_time_plot,total
dl,all,RxF05,2016,4.1274999999999995,Depth in centimeters,1.625,Depth in inches,Duff & litter,All,1 Year pre-fire (2016),1-y pre-fire (2016),1,1,type_time_plot,total
dl,all,RxF05,2017,0.9525000000000001,Depth in centimeters,0.375,Depth in inches,Duff & litter,All,0 Years post-fire (2017),0-y post-fire (2017),1,2,type_time_plot,total
dl,all,RxF05,2019,6.096,Depth in centimeters,2.4,Depth in inches,Duff & litter,All,2 Years post-fire (2019),2-y post-fire (2019),1,3,type_time_plot,total
dl,all,RxF05,2021,1.016,Depth in centimeters,0.4,Depth in inches,Duff & litter,All,4 Years post-fire (2021),4-y post-fire (2021),1,4,type_time_plot,total
dl,all,RxF06,2016,7.651750000000001,Depth in centimeters,3.0125,Depth in inches,Duff & litter,All,1 Year pre-fire (2016),1-y pre-fire (2016),1,1,type_time_plot,total
dl,all,RxF06,2017,1.3017500000000002,Depth in centimeters,0.5125,Depth in inches,Duff & litter,All,0 Years post-fire (2017),0-y post-fire (2017),1,2,type_time_plot,total
dl,all,RxF06,2019,9.9695,Depth in centimeters,3.925,Depth in inches,Duff & litter,All,2 Years post-fire (2019),2-y post-fire (2019),1,3,type_time_plot,total
dl,all,RxF06,2021,1.36525,Depth in centimeters,0.5375,Depth in inches,Duff & litter,All,4 Years post-fire (2021),4-y post-fire (2021),1,4,type_time_plot,total
dl,all,RxF07,2016,11.747500000000002,Depth in centimeters,4.625,Depth in inches,Duff & litter,All,1 Year pre-fire (2016),1-y pre-fire (2016),1,1,type_time_plot,total
dl,all,RxF07,2017,1.80975,Depth in centimeters,0.7125,Depth in inches,Duff & litter,All,0 Years post-fire (2017),0-y post-fire (2017),1,2,type_time_plot,total
dl,all,RxF07,2019,4.318,Depth in centimeters,1.7,Depth in inches,Duff & litter,All,2 Years post-fire (2019),2-y post-fire (2019),1,3,type_time_plot,total
dl,all,RxF07,2021,3.1115,Depth in centimeters,1.225,Depth in inches,Duff & litter,All,4 Years post-fire (2021),4-y post-fire (2021),1,4,type_time_plot,total
dl,all,RxF08,2016,8.73125,Depth in centimeters,3.4375,Depth in inches,Duff & litter,All,1 Year pre-fire (2016),1-y pre-fire (2016),1,1,type_time_plot,total
dl,all,RxF08,2017,1.0477500000000002,Depth in centimeters,0.41250000000000003,Depth in inches,Duff & litter,All,0 Years post-fire (2017),0-y post-fire (2017),1,2,type_time_plot,total
dl,all,RxF08,2019,2.69875,Depth in centimeters,1.0625,Depth in inches,Duff & litter,All,2 Years post-fire (2019),2-y post-fire (2019),1,3,type_time_plot,total
dl,all,RxF08,2021,3.07975,Depth in centimeters,1.2125000000000001,Depth in inches,Duff & litter,All,4 Years post-fire (2021),4-y post-fire (2021),1,4,type_time_plot,total
dl,all,RxF09,2016,10.16,Depth in centimeters,4,Depth in inches,Duff & litter,All,1 Year pre-fire (2016),1-y pre-fire (2016),1,1,type_time_plot,total
dl,all,RxF09,2017,1.23825,Depth in centimeters,0.4875,Depth in inches,Duff & litter,All,0 Years post-fire (2017),0-y post-fire (2017),1,2,type_time_plot,total
dl,all,RxF09,2019,1.80975,Depth in centimeters,0.7125,Depth in inches,Duff & litter,All,2 Years post-fire (2019),2-y post-fire (2019),1,3,type_time_plot,total
dl,all,RxF09,2021,1.42875,Depth in centimeters,0.5625,Depth in inches,Duff & litter,All,4 Years post-fire (2021),4-y post-fire (2021),1,4,type_time_plot,total
wd,all,RxF01,2016,13.41048701795138,Metric tons per hectare,5.981483950914978,Tons per acre,Coarse woody debris,All,1 Year pre-fire (2016),1-y pre-fire (2016),1,1,type_time_plot,total
wd,all,RxF01,2017,114.20732308344253,Metric tons per hectare,50.93993001045608,Tons per acre,Coarse woody debris,All,0 Years post-fire (2017),0-y post-fire (2017),1,2,type_time_plot,total
wd,all,RxF01,2019,111.78812658061047,Metric tons per hectare,49.86089499581198,Tons per acre,Coarse woody debris,All,2 Years post-fire (2019),2-y post-fire (2019),1,3,type_time_plot,total
wd,all,RxF01,2021,21.15013895541592,Metric tons per hectare,9.433603459150723,Tons per acre,Coarse woody debris,All,4 Years post-fire (2021),4-y post-fire (2021),1,4,type_time_plot,total
wd,all,RxF02,2016,16.326518798483296,Metric tons per hectare,7.282122568458204,Tons per acre,Coarse woody debris,All,1 Year pre-fire (2016),1-y pre-fire (2016),1,1,type_time_plot,total
wd,all,RxF02,2017,1.683751405605657,Metric tons per hectare,0.7510041951853956,Tons per acre,Coarse woody debris,All,0 Years post-fire (2017),0-y post-fire (2017),1,2,type_time_plot,total
wd,all,RxF02,2019,2.6931016911733274,Metric tons per hectare,1.201205036205766,Tons per acre,Coarse woody debris,All,2 Years post-fire (2019),2-y post-fire (2019),1,3,type_time_plot,total
wd,all,RxF02,2021,1.475188973749933,Metric tons per hectare,0.6579790248661611,Tons per acre,Coarse woody debris,All,4 Years post-fire (2021),4-y post-fire (2021),1,4,type_time_plot,total
wd,all,RxF03,2016,11.539690126014781,Metric tons per hectare,5.1470517957247015,Tons per acre,Coarse woody debris,All,1 Year pre-fire (2016),1-y pre-fire (2016),1,1,type_time_plot,total
wd,all,RxF03,2017,14.906343768996583,Metric tons per hectare,6.6486814313098055,Tons per acre,Coarse woody debris,All,0 Years post-fire (2017),0-y post-fire (2017),1,2,type_time_plot,total
wd,all,RxF03,2019,15.051685810575465,Metric tons per hectare,6.713508390087183,Tons per acre,Coarse woody debris,All,2 Years post-fire (2019),2-y post-fire (2019),1,3,type_time_plot,total
wd,all,RxF03,2021,38.49649626320231,Metric tons per hectare,17.17060493452378,Tons per acre,Coarse woody debris,All,4 Years post-fire (2021),4-y post-fire (2021),1,4,type_time_plot,total
wd,all,RxF04,2016,39.36135437071653,Metric tons per hectare,17.556357881675527,Tons per acre,Coarse woody debris,All,1 Year pre-fire (2016),1-y pre-fire (2016),1,1,type_time_plot,total
wd,all,RxF04,2017,0.8237016505887442,Metric tons per hectare,0.36739591908507774,Tons per acre,Coarse woody debris,All,0 Years post-fire (2017),0-y post-fire (2017),1,2,type_time_plot,total
wd,all,RxF04,2019,7.817362218342178,Metric tons per hectare,3.4867806504648433,Tons per acre,Coarse woody debris,All,2 Years post-fire (2019),2-y post-fire (2019),1,3,type_time_plot,total
wd,all,RxF04,2021,16.134905715335517,Metric tons per hectare,7.1966573217375185,Tons per acre,Coarse woody debris,All,4 Years post-fire (2021),4-y post-fire (2021),1,4,type_time_plot,total
wd,all,RxF05,2016,10.6897152192324,Metric tons per hectare,4.767937207507762,Tons per acre,Coarse woody debris,All,1 Year pre-fire (2016),1-y pre-fire (2016),1,1,type_time_plot,total
wd,all,RxF05,2017,0.09427142595509486,Metric tons per hectare,0.042047915234208234,Tons per acre,Coarse woody debris,All,0 Years post-fire (2017),0-y post-fire (2017),1,2,type_time_plot,total
wd,all,RxF05,2019,0.33590400406831383,Metric tons per hectare,0.14982337380388663,Tons per acre,Coarse woody debris,All,2 Years post-fire (2019),2-y post-fire (2019),1,3,type_time_plot,total
wd,all,RxF05,2021,10.724931974272641,Metric tons per hectare,4.783644948382088,Tons per acre,Coarse woody debris,All,4 Years post-fire (2021),4-y post-fire (2021),1,4,type_time_plot,total
wd,all,RxF06,2016,47.333296592719556,Metric tons per hectare,21.112085902194274,Tons per acre,Coarse woody debris,All,1 Year pre-fire (2016),1-y pre-fire (2016),1,1,type_time_plot,total
wd,all,RxF06,2017,8.66607321908823,Metric tons per hectare,3.8653314982552316,Tons per acre,Coarse woody debris,All,0 Years post-fire (2017),0-y post-fire (2017),1,2,type_time_plot,total
wd,all,RxF06,2019,12.47271074359277,Metric tons per hectare,5.563207289738078,Tons per acre,Coarse woody debris,All,2 Years post-fire (2019),2-y post-fire (2019),1,3,type_time_plot,total
wd,all,RxF06,2021,4.0542809072954995,Metric tons per hectare,1.8083322512468776,Tons per acre,Coarse woody debris,All,4 Years post-fire (2021),4-y post-fire (2021),1,4,type_time_plot,total
wd,all,RxF07,2016,44.83139947389658,Metric tons per hectare,19.99616390450338,Tons per acre,Coarse woody debris,All,1 Year pre-fire (2016),1-y pre-fire (2016),1,1,type_time_plot,total
wd,all,RxF07,2017,56.82723260624405,Metric tons per hectare,25.34666931589833,Tons per acre,Coarse woody debris,All,0 Years post-fire (2017),0-y post-fire (2017),1,2,type_time_plot,total
wd,all,RxF07,2019,33.71009770756812,Metric tons per hectare,15.035726006943854,Tons per acre,Coarse woody debris,All,2 Years post-fire (2019),2-y post-fire (2019),1,3,type_time_plot,total
wd,all,RxF07,2021,49.65471901893741,Metric tons per hectare,22.147510713174583,Tons per acre,Coarse woody debris,All,4 Years post-fire (2021),4-y post-fire (2021),1,4,type_time_plot,total
wd,all,RxF08,2016,18.281584443446672,Metric tons per hectare,8.154141143374964,Tons per acre,Coarse woody debris,All,1 Year pre-fire (2016),1-y pre-fire (2016),1,1,type_time_plot,total
wd,all,RxF08,2017,64.98206135621477,Metric tons per hectare,28.98397027485048,Tons per acre,Coarse woody debris,All,0 Years post-fire (2017),0-y post-fire (2017),1,2,type_time_plot,total
wd,all,RxF08,2019,35.32429088589795,Metric tons per hectare,15.755705123058856,Tons per acre,Coarse woody debris,All,2 Years post-fire (2019),2-y post-fire (2019),1,3,type_time_plot,total
wd,all,RxF08,2021,4.599075920381568,Metric tons per hectare,2.0513273507500305,Tons per acre,Coarse woody debris,All,4 Years post-fire (2021),4-y post-fire (2021),1,4,type_time_plot,total
wd,all,RxF09,2016,15.77292340742872,Metric tons per hectare,7.0352022334650846,Tons per acre,Coarse woody debris,All,1 Year pre-fire (2016),1-y pre-fire (2016),1,1,type_time_plot,total
wd,all,RxF09,2017,0.060102686891653864,Metric tons per hectare,0.026807621271924115,Tons per acre,Coarse woody debris,All,0 Years post-fire (2017),0-y post-fire (2017),1,2,type_time_plot,total
wd,all,RxF09,2019,0.20923236953908783,Metric tons per hectare,0.09332398284526665,Tons per acre,Coarse woody debris,All,2 Years post-fire (2019),2-y post-fire (2019),1,3,type_time_plot,total
wd,all,RxF09,2021,4.048245008748757,Metric tons per hectare,1.8056400574258504,Tons per acre,Coarse woody debris,All,4 Years post-fire (2021),4-y post-fire (2021),1,4,type_time_plot,total
